AIR.PA,BNP.PA,OR.PA,SAN.PA,TTE.PA
0.0315601,0.0238739,0.613663,0.0774677,0.253436
